15,10000,False
15,10001,False
15,10002,False
15,10003,False
15,10004,False
15,10005,False
15,10006,False
15,10007,False
15,10010,True
15,10011,True
15,10012,True
15,10013,True
15,10014,True
15,10015,True
15,10016,True
15,10017,True
15,10100,True
15,10101,True
15,10102,True
15,10103,False
15,10104,True
15,10105,True
15,10106,False
15,10107,True
15,10108,True
15,10109,True
15,10110,False
15,10111,False
15,10200,True
15,10201,True
15,10202,True
15,10203,False
15,10204,True
15,10205,True
15,10206,False
15,10207,True
15,10208,True
15,10300,True
15,10301,True
15,10302,True
15,10303,False
15,10304,True
15,10305,True
15,10306,False
15,10307,True
15,10308,True
15,10400,False
15,10401,False
15,10402,False
15,10403,False
15,10404,False
15,10405,False
15,10406,False
15,10407,False
15,10408,False
15,10500,True
15,10501,True
15,10502,True
15,10503,False
15,10504,True
15,10505,True
15,10506,False
15,10600,False
15,10601,False
15,10602,False
15,10603,False
15,10604,False
15,10605,False
15,10606,False
15,10607,False
15,10608,False
15,10700,True
15,10701,False
15,10702,False
15,10703,False
15,10704,True
15,10705,True
15,10706,False
15,10707,False
15,10708,False
15,10709,False
15,10710,False
15,10711,False
15,10712,False
15,10800,False
15,10801,False
15,10802,False
15,10803,False
15,10804,False
15,10805,False
15,10806,False
15,10900,True
15,10910,False
15,10920,False
15,10930,False
15,10940,False
15,10950,False
15,10951,False
15,10952,False
15,10953,False
15,10960,True
15,10961,True
15,10962,False
15,10963,False
15,10970,False
15,10980,True
15,10981,True
15,10982,True
15,10983,True
15,10984,True
15,10990,False
15,11000,True
15,11100,True
15,11200,False
15,11201,False
15,11202,False
15,11203,False
15,11204,False
15,11300,False
15,11301,False
15,11302,False
15,11303,False
15,11304,False
16,10000,False
16,10001,False
16,10002,False
16,10003,False
16,10004,False
16,10005,False
16,10006,False
16,10007,False
16,10010,True
16,10011,True
16,10012,True
16,10013,True
16,10014,True
16,10015,True
16,10016,True
16,10017,True
16,10100,True
16,10101,True
16,10102,True
16,10103,False
16,10104,True
16,10105,True
16,10106,False
16,10107,True
16,10108,True
16,10109,True
16,10110,False
16,10111,False
16,10200,True
16,10201,True
16,10202,True
16,10203,False
16,10204,True
16,10205,True
16,10206,False
16,10207,True
16,10208,True
16,10300,True
16,10301,True
16,10302,True
16,10303,False
16,10304,True
16,10305,True
16,10306,False
16,10307,True
16,10308,True
16,10400,False
16,10401,False
16,10402,False
16,10403,False
16,10404,False
16,10405,False
16,10406,False
16,10407,False
16,10408,False
16,10500,True
16,10501,True
16,10502,True
16,10503,False
16,10504,True
16,10505,True
16,10506,False
16,10600,False
16,10601,False
16,10602,False
16,10603,False
16,10604,False
16,10605,False
16,10606,False
16,10607,False
16,10608,False
16,10700,True
16,10701,False
16,10702,False
16,10703,False
16,10704,True
16,10705,True
16,10706,False
16,10707,False
16,10708,False
16,10709,False
16,10710,False
16,10711,False
16,10712,False
16,10800,False
16,10801,False
16,10802,False
16,10803,False
16,10804,False
16,10805,False
16,10806,False
16,10900,False
16,10910,False
16,10920,False
16,10930,False
16,10940,False
16,10950,False
16,10951,False
16,10952,False
16,10953,False
16,10960,False
16,10961,False
16,10962,False
16,10963,False
16,10970,False
16,10980,True
16,10981,False
16,10982,False
16,10983,False
16,10984,True
16,10990,False
16,11000,False
16,11100,True
16,11200,False
16,11201,False
16,11202,False
16,11203,False
16,11204,False
16,11300,False
16,11301,False
16,11302,False
16,11303,False
16,11304,False
17,10000,False
17,10001,False
17,10002,False
17,10003,False
17,10004,False
17,10005,False
17,10006,False
17,10007,False
17,10010,True
17,10011,True
17,10012,True
17,10013,True
17,10014,True
17,10015,False
17,10016,False
17,10017,False
17,10100,True
17,10101,True
17,10102,False
17,10103,False
17,10104,True
17,10105,True
17,10106,True
17,10107,True
17,10108,True
17,10109,True
17,10110,False
17,10111,False
17,10200,False
17,10201,False
17,10202,False
17,10203,False
17,10204,False
17,10205,False
17,10206,False
17,10207,False
17,10208,False
17,10300,False
17,10301,False
17,10302,False
17,10303,False
17,10304,False
17,10305,False
17,10306,False
17,10307,False
17,10308,False
17,10400,False
17,10401,False
17,10402,False
17,10403,False
17,10404,False
17,10405,False
17,10406,False
17,10407,False
17,10408,False
17,10500,False
17,10501,False
17,10502,False
17,10503,False
17,10504,False
17,10505,False
17,10506,False
17,10600,False
17,10601,False
17,10602,False
17,10603,False
17,10604,False
17,10605,False
17,10606,False
17,10607,False
17,10608,False
17,10700,True
17,10701,False
17,10702,False
17,10703,False
17,10704,True
17,10705,True
17,10706,False
17,10707,False
17,10708,False
17,10709,False
17,10710,False
17,10711,False
17,10712,False
17,10800,False
17,10801,False
17,10802,False
17,10803,False
17,10804,False
17,10805,False
17,10806,False
17,10900,False
17,10910,False
17,10920,False
17,10930,False
17,10940,False
17,10950,False
17,10951,False
17,10952,False
17,10953,False
17,10960,False
17,10961,False
17,10962,False
17,10963,False
17,10970,False
17,10980,True
17,10981,False
17,10982,False
17,10983,False
17,10984,True
17,10990,False
17,11000,False
17,11100,True
17,11200,True
17,11201,False
17,11202,False
17,11203,False
17,11204,False
17,11300,False
17,11301,False
17,11302,False
17,11303,False
17,11304,False
18,10000,False
18,10001,False
18,10002,False
18,10003,False
18,10004,False
18,10005,False
18,10006,False
18,10007,False
18,10010,True
18,10011,True
18,10012,True
18,10013,True
18,10014,False
18,10015,False
18,10016,False
18,10017,False
18,10100,True
18,10101,True
18,10102,False
18,10103,False
18,10104,False
18,10105,True
18,10106,True
18,10107,True
18,10108,True
18,10109,False
18,10110,False
18,10111,False
18,10200,True
18,10201,True
18,10202,True
18,10203,False
18,10204,True
18,10205,True
18,10206,False
18,10207,True
18,10208,False
18,10300,True
18,10301,True
18,10302,True
18,10303,False
18,10304,True
18,10305,True
18,10306,False
18,10307,True
18,10308,False
18,10400,False
18,10401,False
18,10402,False
18,10403,False
18,10404,False
18,10405,False
18,10406,False
18,10407,False
18,10408,False
18,10500,True
18,10501,True
18,10502,True
18,10503,False
18,10504,True
18,10505,True
18,10506,False
18,10600,False
18,10601,False
18,10602,False
18,10603,False
18,10604,False
18,10605,False
18,10606,False
18,10607,False
18,10608,False
18,10700,True
18,10701,False
18,10702,False
18,10703,False
18,10704,True
18,10705,True
18,10706,False
18,10707,False
18,10708,False
18,10709,False
18,10710,False
18,10711,False
18,10712,False
18,10800,False
18,10801,False
18,10802,False
18,10803,False
18,10804,False
18,10805,False
18,10806,False
18,10900,False
18,10910,False
18,10920,False
18,10930,False
18,10940,False
18,10950,False
18,10951,False
18,10952,False
18,10953,False
18,10960,False
18,10961,False
18,10962,False
18,10963,False
18,10970,False
18,10980,True
18,10981,True
18,10982,True
18,10983,False
18,10984,True
18,10990,False
18,11000,False
18,11100,True
18,11200,False
18,11201,False
18,11202,False
18,11203,False
18,11204,False
18,11300,False
18,11301,False
18,11302,False
18,11303,False
18,11304,False
20,10000,False
20,10001,False
20,10002,False
20,10003,False
20,10004,False
20,10005,False
20,10006,False
20,10007,False
20,10010,True
20,10011,True
20,10012,True
20,10013,True
20,10014,True
20,10015,False
20,10016,False
20,10017,False
20,10100,True
20,10101,False
20,10102,False
20,10103,False
20,10104,True
20,10105,True
20,10106,False
20,10107,False
20,10108,True
20,10109,True
20,10110,False
20,10111,False
20,10200,True
20,10201,True
20,10202,True
20,10203,False
20,10204,True
20,10205,True
20,10206,False
20,10207,True
20,10208,False
20,10300,True
20,10301,True
20,10302,True
20,10303,False
20,10304,True
20,10305,True
20,10306,False
20,10307,True
20,10308,False
20,10400,False
20,10401,False
20,10402,False
20,10403,False
20,10404,False
20,10405,False
20,10406,False
20,10407,False
20,10408,False
20,10500,False
20,10501,False
20,10502,False
20,10503,False
20,10504,False
20,10505,False
20,10506,False
20,10600,False
20,10601,False
20,10602,False
20,10603,False
20,10604,False
20,10605,False
20,10606,False
20,10607,False
20,10608,False
20,10700,True
20,10701,False
20,10702,False
20,10703,False
20,10704,True
20,10705,True
20,10706,False
20,10707,False
20,10708,False
20,10709,False
20,10710,False
20,10711,False
20,10712,False
20,10800,False
20,10801,False
20,10802,False
20,10803,False
20,10804,False
20,10805,False
20,10806,False
20,10900,True
20,10910,False
20,10920,False
20,10930,False
20,10940,False
20,10950,False
20,10951,False
20,10952,False
20,10953,False
20,10960,False
20,10961,False
20,10962,False
20,10963,False
20,10970,False
20,10980,True
20,10981,False
20,10982,False
20,10983,False
20,10984,True
20,10990,False
20,11000,False
20,11100,True
20,11200,False
20,11201,False
20,11202,False
20,11203,False
20,11204,False
20,11300,False
20,11301,False
20,11302,False
20,11303,False
20,11304,False
21,10000,False
21,10001,False
21,10002,False
21,10003,False
21,10004,False
21,10005,False
21,10006,False
21,10007,False
21,10010,True
21,10011,True
21,10012,True
21,10013,True
21,10014,True
21,10015,False
21,10016,False
21,10017,False
21,10100,True
21,10101,False
21,10102,False
21,10103,False
21,10104,False
21,10105,True
21,10106,False
21,10107,False
21,10108,True
21,10109,True
21,10110,False
21,10111,False
21,10200,True
21,10201,True
21,10202,True
21,10203,False
21,10204,True
21,10205,True
21,10206,False
21,10207,True
21,10208,True
21,10300,False
21,10301,False
21,10302,False
21,10303,False
21,10304,False
21,10305,False
21,10306,False
21,10307,False
21,10308,False
21,10400,False
21,10401,False
21,10402,False
21,10403,False
21,10404,False
21,10405,False
21,10406,False
21,10407,False
21,10408,False
21,10500,False
21,10501,False
21,10502,False
21,10503,False
21,10504,False
21,10505,False
21,10506,False
21,10600,False
21,10601,False
21,10602,False
21,10603,False
21,10604,False
21,10605,False
21,10606,False
21,10607,False
21,10608,False
21,10700,True
21,10701,False
21,10702,False
21,10703,False
21,10704,True
21,10705,True
21,10706,False
21,10707,False
21,10708,False
21,10709,False
21,10710,False
21,10711,False
21,10712,False
21,10800,False
21,10801,False
21,10802,False
21,10803,False
21,10804,False
21,10805,False
21,10806,False
21,10900,False
21,10910,False
21,10920,False
21,10930,False
21,10940,False
21,10950,False
21,10951,False
21,10952,False
21,10953,False
21,10960,False
21,10961,False
21,10962,False
21,10963,False
21,10970,False
21,10980,False
21,10981,False
21,10982,False
21,10983,False
21,10984,False
21,10990,True
21,11000,False
21,11100,True
21,11200,False
21,11201,False
21,11202,False
21,11203,False
21,11204,False
21,11300,False
21,11301,False
21,11302,False
21,11303,False
21,11304,False
24,10000,False
24,10001,False
24,10002,False
24,10003,False
24,10004,False
24,10005,False
24,10006,False
24,10007,False
24,10010,True
24,10011,True
24,10012,True
24,10013,True
24,10014,True
24,10015,False
24,10016,False
24,10017,False
24,10100,True
24,10101,False
24,10102,False
24,10103,False
24,10104,True
24,10105,True
24,10106,False
24,10107,False
24,10108,True
24,10109,True
24,10110,False
24,10111,False
24,10200,True
24,10201,True
24,10202,True
24,10203,True
24,10204,True
24,10205,True
24,10206,False
24,10207,True
24,10208,False
24,10300,True
24,10301,True
24,10302,True
24,10303,True
24,10304,True
24,10305,True
24,10306,False
24,10307,True
24,10308,False
24,10400,False
24,10401,False
24,10402,False
24,10403,False
24,10404,False
24,10405,False
24,10406,False
24,10407,False
24,10408,False
24,10500,False
24,10501,False
24,10502,False
24,10503,False
24,10504,False
24,10505,False
24,10506,False
24,10600,False
24,10601,False
24,10602,False
24,10603,False
24,10604,False
24,10605,False
24,10606,False
24,10607,False
24,10608,False
24,10700,True
24,10701,False
24,10702,False
24,10703,False
24,10704,True
24,10705,True
24,10706,False
24,10707,False
24,10708,False
24,10709,False
24,10710,False
24,10711,False
24,10712,False
24,10800,False
24,10801,False
24,10802,False
24,10803,False
24,10804,False
24,10805,False
24,10806,False
24,10900,False
24,10910,False
24,10920,False
24,10930,False
24,10940,False
24,10950,False
24,10951,False
24,10952,False
24,10953,False
24,10960,False
24,10961,False
24,10962,False
24,10963,False
24,10970,False
24,10980,True
24,10981,False
24,10982,False
24,10983,False
24,10984,True
24,10990,False
24,11000,False
24,11100,True
24,11200,False
24,11201,False
24,11202,False
24,11203,False
24,11204,False
24,11300,False
24,11301,False
24,11302,False
24,11303,False
24,11304,False
26,10000,True
26,10001,True
26,10002,True
26,10003,False
26,10004,False
26,10005,False
26,10006,False
26,10007,False
26,10010,True
26,10011,True
26,10012,False
26,10013,False
26,10014,False
26,10015,False
26,10016,False
26,10017,False
26,10100,True
26,10101,False
26,10102,False
26,10103,True
26,10104,True
26,10105,True
26,10106,True
26,10107,True
26,10108,True
26,10109,True
26,10110,True
26,10111,True
26,10200,True
26,10201,True
26,10202,True
26,10203,True
26,10204,True
26,10205,True
26,10206,True
26,10207,True
26,10208,True
26,10300,True
26,10301,True
26,10302,True
26,10303,True
26,10304,True
26,10305,True
26,10306,True
26,10307,True
26,10308,True
26,10400,True
26,10401,True
26,10402,True
26,10403,True
26,10404,True
26,10405,True
26,10406,True
26,10407,True
26,10408,True
26,10500,True
26,10501,True
26,10502,True
26,10503,True
26,10504,True
26,10505,True
26,10506,True
26,10600,True
26,10601,True
26,10602,True
26,10603,True
26,10604,True
26,10605,True
26,10606,True
26,10607,True
26,10608,True
26,10700,True
26,10701,True
26,10702,True
26,10703,True
26,10704,True
26,10705,True
26,10706,True
26,10707,True
26,10708,True
26,10709,True
26,10710,True
26,10711,True
26,10712,True
26,10800,True
26,10801,True
26,10802,True
26,10803,True
26,10804,True
26,10805,True
26,10806,True
26,10900,True
26,10910,True
26,10920,True
26,10930,True
26,10940,True
26,10950,True
26,10951,True
26,10952,True
26,10953,True
26,10960,True
26,10961,True
26,10962,True
26,10963,True
26,10970,False
26,10980,True
26,10981,True
26,10982,True
26,10983,True
26,10984,True
26,10990,False
26,11000,True
26,11100,True
26,11200,True
26,11201,True
26,11202,True
26,11203,True
26,11204,True
26,11300,True
26,11301,True
26,11302,True
26,11303,True
26,11304,True
27,10000,False
27,10001,False
27,10002,False
27,10003,False
27,10004,False
27,10005,False
27,10006,False
27,10007,False
27,10010,False
27,10011,False
27,10012,False
27,10013,False
27,10014,False
27,10015,False
27,10016,False
27,10017,False
27,10100,True
27,10101,True
27,10102,True
27,10103,False
27,10104,True
27,10105,True
27,10106,False
27,10107,True
27,10108,True
27,10109,True
27,10110,False
27,10111,False
27,10200,False
27,10201,False
27,10202,False
27,10203,False
27,10204,False
27,10205,False
27,10206,False
27,10207,False
27,10208,False
27,10300,False
27,10301,False
27,10302,False
27,10303,False
27,10304,False
27,10305,False
27,10306,False
27,10307,False
27,10308,False
27,10400,False
27,10401,False
27,10402,False
27,10403,False
27,10404,False
27,10405,False
27,10406,False
27,10407,False
27,10408,False
27,10500,False
27,10501,False
27,10502,False
27,10503,False
27,10504,False
27,10505,False
27,10506,False
27,10600,False
27,10601,False
27,10602,False
27,10603,False
27,10604,False
27,10605,False
27,10606,False
27,10607,False
27,10608,False
27,10700,True
27,10701,False
27,10702,False
27,10703,False
27,10704,True
27,10705,True
27,10706,False
27,10707,False
27,10708,False
27,10709,False
27,10710,False
27,10711,False
27,10712,False
27,10800,False
27,10801,False
27,10802,False
27,10803,False
27,10804,False
27,10805,False
27,10806,False
27,10900,False
27,10910,False
27,10920,False
27,10930,False
27,10940,False
27,10950,False
27,10951,False
27,10952,False
27,10953,False
27,10960,False
27,10961,False
27,10962,False
27,10963,False
27,10970,False
27,10980,False
27,10981,False
27,10982,False
27,10983,False
27,10984,False
27,10990,False
27,11000,False
27,11100,True
27,11200,False
27,11201,False
27,11202,False
27,11203,False
27,11204,False
27,11300,False
27,11301,False
27,11302,False
27,11303,False
27,11304,False
29,10000,False
29,10001,False
29,10002,False
29,10003,False
29,10004,False
29,10005,False
29,10006,False
29,10007,False
29,10010,False
29,10011,False
29,10012,False
29,10013,False
29,10014,False
29,10015,False
29,10016,False
29,10017,False
29,10100,True
29,10101,True
29,10102,True
29,10103,False
29,10104,True
29,10105,True
29,10106,False
29,10107,False
29,10108,True
29,10109,True
29,10110,False
29,10111,False
29,10200,True
29,10201,True
29,10202,True
29,10203,False
29,10204,True
29,10205,True
29,10206,False
29,10207,True
29,10208,True
29,10300,False
29,10301,False
29,10302,False
29,10303,False
29,10304,False
29,10305,False
29,10306,False
29,10307,False
29,10308,False
29,10400,False
29,10401,False
29,10402,False
29,10403,False
29,10404,False
29,10405,False
29,10406,False
29,10407,False
29,10408,False
29,10500,False
29,10501,False
29,10502,False
29,10503,False
29,10504,False
29,10505,False
29,10506,False
29,10600,False
29,10601,False
29,10602,False
29,10603,False
29,10604,False
29,10605,False
29,10606,False
29,10607,False
29,10608,False
29,10700,True
29,10701,False
29,10702,False
29,10703,False
29,10704,True
29,10705,True
29,10706,False
29,10707,False
29,10708,False
29,10709,False
29,10710,False
29,10711,False
29,10712,False
29,10800,True
29,10801,True
29,10802,False
29,10803,False
29,10804,False
29,10805,False
29,10806,False
29,10900,True
29,10910,False
29,10920,False
29,10930,False
29,10940,False
29,10950,False
29,10951,False
29,10952,False
29,10953,False
29,10960,False
29,10961,False
29,10962,False
29,10963,False
29,10970,False
29,10980,True
29,10981,False
29,10982,False
29,10983,False
29,10984,True
29,10990,False
29,11000,False
29,11100,True
29,11200,False
29,11201,False
29,11202,False
29,11203,False
29,11204,False
29,11300,False
29,11301,False
29,11302,False
29,11303,False
29,11304,False
30,10000,False
30,10001,False
30,10002,False
30,10003,False
30,10004,False
30,10005,False
30,10006,False
30,10007,False
30,10010,True
30,10011,True
30,10012,True
30,10013,True
30,10014,True
30,10015,False
30,10016,False
30,10017,False
30,10100,True
30,10101,True
30,10102,True
30,10103,False
30,10104,True
30,10105,True
30,10106,False
30,10107,True
30,10108,True
30,10109,False
30,10110,False
30,10111,False
30,10200,False
30,10201,False
30,10202,False
30,10203,False
30,10204,False
30,10205,False
30,10206,False
30,10207,False
30,10208,False
30,10300,False
30,10301,False
30,10302,False
30,10303,False
30,10304,False
30,10305,False
30,10306,False
30,10307,False
30,10308,False
30,10400,False
30,10401,False
30,10402,False
30,10403,False
30,10404,False
30,10405,False
30,10406,False
30,10407,False
30,10408,False
30,10500,True
30,10501,True
30,10502,True
30,10503,False
30,10504,True
30,10505,True
30,10506,False
30,10600,False
30,10601,False
30,10602,False
30,10603,False
30,10604,False
30,10605,False
30,10606,False
30,10607,False
30,10608,False
30,10700,True
30,10701,False
30,10702,False
30,10703,False
30,10704,True
30,10705,True
30,10706,True
30,10707,False
30,10708,False
30,10709,False
30,10710,False
30,10711,False
30,10712,False
30,10800,False
30,10801,False
30,10802,False
30,10803,False
30,10804,False
30,10805,False
30,10806,False
30,10900,False
30,10910,False
30,10920,False
30,10930,False
30,10940,False
30,10950,False
30,10951,False
30,10952,False
30,10953,False
30,10960,False
30,10961,False
30,10962,False
30,10963,False
30,10970,False
30,10980,True
30,10981,False
30,10982,False
30,10983,False
30,10984,True
30,10990,False
30,11000,False
30,11100,True
30,11200,False
30,11201,False
30,11202,False
30,11203,False
30,11204,False
30,11300,False
30,11301,False
30,11302,False
30,11303,False
30,11304,False
31,10000,False
31,10001,False
31,10002,False
31,10003,False
31,10004,False
31,10005,False
31,10006,False
31,10007,False
31,10010,False
31,10011,False
31,10012,False
31,10013,False
31,10014,False
31,10015,False
31,10016,False
31,10017,False
31,10100,False
31,10101,False
31,10102,False
31,10103,False
31,10104,False
31,10105,False
31,10106,False
31,10107,False
31,10108,False
31,10109,False
31,10110,False
31,10111,False
31,10200,False
31,10201,True
31,10202,True
31,10203,False
31,10204,True
31,10205,True
31,10206,False
31,10207,True
31,10208,False
31,10300,False
31,10301,False
31,10302,False
31,10303,False
31,10304,False
31,10305,False
31,10306,False
31,10307,False
31,10308,False
31,10400,False
31,10401,False
31,10402,False
31,10403,False
31,10404,False
31,10405,False
31,10406,False
31,10407,False
31,10408,False
31,10500,False
31,10501,False
31,10502,False
31,10503,False
31,10504,False
31,10505,False
31,10506,False
31,10600,False
31,10601,False
31,10602,False
31,10603,False
31,10604,False
31,10605,False
31,10606,False
31,10607,False
31,10608,False
31,10700,False
31,10701,False
31,10702,False
31,10703,False
31,10704,False
31,10705,False
31,10706,False
31,10707,False
31,10708,False
31,10709,False
31,10710,False
31,10711,False
31,10712,False
31,10800,False
31,10801,False
31,10802,False
31,10803,False
31,10804,False
31,10805,False
31,10806,False
31,10900,False
31,10910,False
31,10920,False
31,10930,False
31,10940,False
31,10950,False
31,10951,False
31,10952,False
31,10953,False
31,10960,False
31,10961,False
31,10962,False
31,10963,False
31,10970,False
31,10980,False
31,10981,False
31,10982,False
31,10983,False
31,10984,False
31,10990,False
31,11000,False
31,11100,True
31,11200,False
31,11201,False
31,11202,False
31,11203,False
31,11204,False
31,11300,False
31,11301,False
31,11302,False
31,11303,False
31,11304,False
32,10000,False
32,10001,False
32,10002,False
32,10003,False
32,10004,False
32,10005,False
32,10006,False
32,10007,False
32,10010,True
32,10011,True
32,10012,True
32,10013,True
32,10014,False
32,10015,False
32,10016,False
32,10017,False
32,10100,False
32,10101,False
32,10102,False
32,10103,False
32,10104,False
32,10105,False
32,10106,False
32,10107,False
32,10108,False
32,10109,False
32,10110,False
32,10111,False
32,10200,False
32,10201,False
32,10202,False
32,10203,False
32,10204,False
32,10205,False
32,10206,False
32,10207,False
32,10208,False
32,10300,False
32,10301,False
32,10302,False
32,10303,False
32,10304,False
32,10305,False
32,10306,False
32,10307,False
32,10308,False
32,10400,False
32,10401,False
32,10402,False
32,10403,False
32,10404,False
32,10405,False
32,10406,False
32,10407,False
32,10408,False
32,10500,False
32,10501,False
32,10502,False
32,10503,False
32,10504,False
32,10505,False
32,10506,False
32,10600,False
32,10601,False
32,10602,False
32,10603,False
32,10604,False
32,10605,False
32,10606,False
32,10607,False
32,10608,False
32,10700,True
32,10701,False
32,10702,False
32,10703,False
32,10704,True
32,10705,True
32,10706,False
32,10707,False
32,10708,False
32,10709,False
32,10710,False
32,10711,False
32,10712,False
32,10800,False
32,10801,False
32,10802,False
32,10803,False
32,10804,False
32,10805,False
32,10806,False
32,10900,False
32,10910,False
32,10920,False
32,10930,False
32,10940,False
32,10950,False
32,10951,False
32,10952,False
32,10953,False
32,10960,False
32,10961,False
32,10962,False
32,10963,False
32,10970,False
32,10980,True
32,10981,False
32,10982,False
32,10983,False
32,10984,False
32,10990,False
32,11000,False
32,11100,True
32,11200,False
32,11201,False
32,11202,False
32,11203,False
32,11204,False
32,11300,False
32,11301,False
32,11302,False
32,11303,False
32,11304,False
34,10000,False
34,10001,False
34,10002,False
34,10003,False
34,10004,False
34,10005,False
34,10006,False
34,10007,False
34,10010,False
34,10011,False
34,10012,False
34,10013,False
34,10014,False
34,10015,False
34,10016,False
34,10017,False
34,10100,True
34,10101,False
34,10102,False
34,10103,False
34,10104,True
34,10105,True
34,10106,False
34,10107,False
34,10108,True
34,10109,True
34,10110,False
34,10111,False
34,10200,False
34,10201,False
34,10202,False
34,10203,False
34,10204,False
34,10205,False
34,10206,False
34,10207,False
34,10208,False
34,10300,False
34,10301,False
34,10302,False
34,10303,False
34,10304,False
34,10305,False
34,10306,False
34,10307,False
34,10308,False
34,10400,False
34,10401,False
34,10402,False
34,10403,False
34,10404,False
34,10405,False
34,10406,False
34,10407,False
34,10408,False
34,10500,False
34,10501,False
34,10502,False
34,10503,False
34,10504,False
34,10505,False
34,10506,False
34,10600,False
34,10601,False
34,10602,False
34,10603,False
34,10604,False
34,10605,False
34,10606,False
34,10607,False
34,10608,False
34,10700,True
34,10701,False
34,10702,False
34,10703,False
34,10704,True
34,10705,True
34,10706,False
34,10707,False
34,10708,False
34,10709,False
34,10710,False
34,10711,False
34,10712,False
34,10800,False
34,10801,False
34,10802,False
34,10803,False
34,10804,False
34,10805,False
34,10806,False
34,10900,True
34,10910,False
34,10920,False
34,10930,False
34,10940,False
34,10950,False
34,10951,False
34,10952,False
34,10953,False
34,10960,False
34,10961,False
34,10962,False
34,10963,False
34,10970,False
34,10980,True
34,10981,False
34,10982,False
34,10983,False
34,10984,True
34,10990,False
34,11000,False
34,11100,True
34,11200,False
34,11201,False
34,11202,False
34,11203,False
34,11204,False
34,11300,False
34,11301,False
34,11302,False
34,11303,False
34,11304,False
38,10000,False
38,10001,False
38,10002,False
38,10003,False
38,10004,False
38,10005,False
38,10006,False
38,10007,False
38,10010,False
38,10011,False
38,10012,False
38,10013,False
38,10014,False
38,10015,False
38,10016,False
38,10017,False
38,10100,True
38,10101,True
38,10102,True
38,10103,False
38,10104,True
38,10105,True
38,10106,False
38,10107,True
38,10108,True
38,10109,True
38,10110,False
38,10111,False
38,10200,False
38,10201,False
38,10202,False
38,10203,False
38,10204,False
38,10205,False
38,10206,False
38,10207,False
38,10208,False
38,10300,False
38,10301,False
38,10302,False
38,10303,False
38,10304,False
38,10305,False
38,10306,False
38,10307,False
38,10308,False
38,10400,False
38,10401,False
38,10402,False
38,10403,False
38,10404,False
38,10405,False
38,10406,False
38,10407,False
38,10408,False
38,10500,True
38,10501,True
38,10502,True
38,10503,False
38,10504,True
38,10505,True
38,10506,False
38,10600,False
38,10601,False
38,10602,False
38,10603,False
38,10604,False
38,10605,False
38,10606,False
38,10607,False
38,10608,False
38,10700,True
38,10701,False
38,10702,False
38,10703,False
38,10704,True
38,10705,True
38,10706,False
38,10707,False
38,10708,False
38,10709,False
38,10710,False
38,10711,False
38,10712,False
38,10800,False
38,10801,False
38,10802,False
38,10803,False
38,10804,False
38,10805,False
38,10806,False
38,10900,True
38,10910,False
38,10920,False
38,10930,False
38,10940,False
38,10950,False
38,10951,False
38,10952,False
38,10953,False
38,10960,False
38,10961,False
38,10962,False
38,10963,False
38,10970,False
38,10980,True
38,10981,True
38,10982,True
38,10983,False
38,10984,True
38,10990,False
38,11000,False
38,11100,True
38,11200,False
38,11201,False
38,11202,False
38,11203,False
38,11204,False
38,11300,False
38,11301,False
38,11302,False
38,11303,False
38,11304,False
40,10000,True
40,10001,True
40,10002,True
40,10003,True
40,10004,True
40,10005,True
40,10006,True
40,10007,True
40,10010,True
40,10011,True
40,10012,True
40,10013,True
40,10014,True
40,10015,True
40,10016,True
40,10017,True
40,10100,True
40,10101,True
40,10102,True
40,10103,True
40,10104,True
40,10105,True
40,10106,True
40,10107,True
40,10108,True
40,10109,True
40,10110,True
40,10111,True
40,10200,True
40,10201,True
40,10202,True
40,10203,True
40,10204,True
40,10205,True
40,10206,True
40,10207,True
40,10208,True
40,10300,True
40,10301,True
40,10302,True
40,10303,True
40,10304,True
40,10305,True
40,10306,True
40,10307,True
40,10308,True
40,10400,True
40,10401,True
40,10402,True
40,10403,True
40,10404,True
40,10405,True
40,10406,True
40,10407,True
40,10408,True
40,10500,True
40,10501,True
40,10502,True
40,10503,True
40,10504,True
40,10505,True
40,10506,True
40,10600,True
40,10601,True
40,10602,True
40,10603,True
40,10604,True
40,10605,True
40,10606,True
40,10607,True
40,10608,True
40,10700,True
40,10701,True
40,10702,True
40,10703,True
40,10704,True
40,10705,True
40,10706,True
40,10707,True
40,10708,True
40,10709,True
40,10710,True
40,10711,True
40,10712,True
40,10800,True
40,10801,True
40,10802,True
40,10803,True
40,10804,True
40,10805,True
40,10806,True
40,10900,True
40,10910,True
40,10920,True
40,10930,True
40,10940,True
40,10950,True
40,10951,True
40,10952,True
40,10953,True
40,10960,True
40,10961,True
40,10962,True
40,10963,True
40,10970,False
40,10980,True
40,10981,True
40,10982,True
40,10983,True
40,10984,True
40,10990,False
40,11000,True
40,11100,True
40,11200,True
40,11201,True
40,11202,True
40,11203,True
40,11204,True
40,11300,True
40,11301,True
40,11302,True
40,11303,True
40,11304,True
41,10000,False
41,10001,False
41,10002,False
41,10003,False
41,10004,False
41,10005,False
41,10006,False
41,10007,False
41,10010,False
41,10011,False
41,10012,False
41,10013,False
41,10014,False
41,10015,False
41,10016,False
41,10017,False
41,10100,True
41,10101,True
41,10102,True
41,10103,False
41,10104,True
41,10105,True
41,10106,False
41,10107,False
41,10108,True
41,10109,True
41,10110,False
41,10111,False
41,10200,True
41,10201,False
41,10202,True
41,10203,False
41,10204,True
41,10205,True
41,10206,False
41,10207,True
41,10208,False
41,10300,False
41,10301,False
41,10302,False
41,10303,False
41,10304,False
41,10305,False
41,10306,False
41,10307,False
41,10308,False
41,10400,False
41,10401,False
41,10402,False
41,10403,False
41,10404,False
41,10405,False
41,10406,False
41,10407,False
41,10408,False
41,10500,True
41,10501,False
41,10502,True
41,10503,False
41,10504,False
41,10505,True
41,10506,False
41,10600,False
41,10601,False
41,10602,False
41,10603,False
41,10604,False
41,10605,False
41,10606,False
41,10607,False
41,10608,False
41,10700,True
41,10701,False
41,10702,False
41,10703,False
41,10704,True
41,10705,True
41,10706,False
41,10707,False
41,10708,False
41,10709,False
41,10710,False
41,10711,False
41,10712,False
41,10800,False
41,10801,False
41,10802,False
41,10803,False
41,10804,False
41,10805,False
41,10806,False
41,10900,False
41,10910,False
41,10920,False
41,10930,False
41,10940,False
41,10950,False
41,10951,False
41,10952,False
41,10953,False
41,10960,False
41,10961,False
41,10962,False
41,10963,False
41,10970,False
41,10980,False
41,10981,False
41,10982,False
41,10983,False
41,10984,False
41,10990,False
41,11000,False
41,11100,True
41,11200,False
41,11201,False
41,11202,False
41,11203,False
41,11204,False
41,11300,False
41,11301,False
41,11302,False
41,11303,False
41,11304,False
42,10000,False
42,10001,False
42,10002,False
42,10003,False
42,10004,False
42,10005,False
42,10006,False
42,10007,False
42,10010,False
42,10011,False
42,10012,False
42,10013,False
42,10014,False
42,10015,False
42,10016,False
42,10017,False
42,10100,True
42,10101,True
42,10102,True
42,10103,False
42,10104,True
42,10105,True
42,10106,False
42,10107,False
42,10108,True
42,10109,True
42,10110,False
42,10111,False
42,10200,False
42,10201,False
42,10202,False
42,10203,False
42,10204,False
42,10205,False
42,10206,False
42,10207,False
42,10208,False
42,10300,False
42,10301,False
42,10302,False
42,10303,False
42,10304,False
42,10305,False
42,10306,False
42,10307,False
42,10308,False
42,10400,False
42,10401,False
42,10402,False
42,10403,False
42,10404,False
42,10405,False
42,10406,False
42,10407,False
42,10408,False
42,10500,True
42,10501,True
42,10502,True
42,10503,False
42,10504,True
42,10505,True
42,10506,False
42,10600,False
42,10601,False
42,10602,False
42,10603,False
42,10604,False
42,10605,False
42,10606,False
42,10607,False
42,10608,False
42,10700,True
42,10701,False
42,10702,False
42,10703,False
42,10704,True
42,10705,True
42,10706,False
42,10707,False
42,10708,False
42,10709,False
42,10710,False
42,10711,False
42,10712,False
42,10800,False
42,10801,False
42,10802,False
42,10803,False
42,10804,False
42,10805,False
42,10806,False
42,10900,True
42,10910,False
42,10920,False
42,10930,False
42,10940,False
42,10950,False
42,10951,False
42,10952,False
42,10953,False
42,10960,False
42,10961,False
42,10962,False
42,10963,False
42,10970,False
42,10980,True
42,10981,True
42,10982,True
42,10983,False
42,10984,True
42,10990,False
42,11000,False
42,11100,True
42,11200,False
42,11201,False
42,11202,False
42,11203,False
42,11204,False
42,11300,False
42,11301,False
42,11302,False
42,11303,False
42,11304,False
43,10000,False
43,10001,False
43,10002,False
43,10003,False
43,10004,False
43,10005,False
43,10006,False
43,10007,False
43,10010,False
43,10011,False
43,10012,False
43,10013,False
43,10014,False
43,10015,False
43,10016,False
43,10017,False
43,10100,True
43,10101,True
43,10102,True
43,10103,False
43,10104,True
43,10105,True
43,10106,False
43,10107,False
43,10108,True
43,10109,True
43,10110,False
43,10111,False
43,10200,True
43,10201,True
43,10202,True
43,10203,False
43,10204,True
43,10205,True
43,10206,False
43,10207,True
43,10208,True
43,10300,False
43,10301,False
43,10302,False
43,10303,False
43,10304,False
43,10305,False
43,10306,False
43,10307,False
43,10308,False
43,10400,False
43,10401,False
43,10402,False
43,10403,False
43,10404,False
43,10405,False
43,10406,False
43,10407,False
43,10408,False
43,10500,False
43,10501,False
43,10502,False
43,10503,False
43,10504,False
43,10505,False
43,10506,False
43,10600,False
43,10601,False
43,10602,False
43,10603,False
43,10604,False
43,10605,False
43,10606,False
43,10607,False
43,10608,False
43,10700,True
43,10701,False
43,10702,False
43,10703,False
43,10704,True
43,10705,True
43,10706,False
43,10707,False
43,10708,False
43,10709,False
43,10710,False
43,10711,False
43,10712,False
43,10800,True
43,10801,True
43,10802,False
43,10803,False
43,10804,False
43,10805,False
43,10806,False
43,10900,True
43,10910,False
43,10920,False
43,10930,False
43,10940,False
43,10950,False
43,10951,False
43,10952,False
43,10953,False
43,10960,True
43,10961,True
43,10962,True
43,10963,True
43,10970,False
43,10980,True
43,10981,False
43,10982,False
43,10983,False
43,10984,True
43,10990,False
43,11000,False
43,11100,True
43,11200,False
43,11201,False
43,11202,False
43,11203,False
43,11204,False
43,11300,False
43,11301,False
43,11302,False
43,11303,False
43,11304,False
44,10000,False
44,10001,False
44,10002,False
44,10003,False
44,10004,False
44,10005,False
44,10006,False
44,10007,False
44,10010,False
44,10011,False
44,10012,False
44,10013,False
44,10014,False
44,10015,False
44,10016,False
44,10017,False
44,10100,True
44,10101,False
44,10102,True
44,10103,False
44,10104,True
44,10105,True
44,10106,False
44,10107,True
44,10108,True
44,10109,True
44,10110,False
44,10111,False
44,10200,True
44,10201,True
44,10202,True
44,10203,False
44,10204,True
44,10205,True
44,10206,False
44,10207,True
44,10208,True
44,10300,True
44,10301,True
44,10302,True
44,10303,False
44,10304,True
44,10305,True
44,10306,False
44,10307,True
44,10308,False
44,10400,False
44,10401,False
44,10402,False
44,10403,False
44,10404,False
44,10405,False
44,10406,False
44,10407,False
44,10408,False
44,10500,False
44,10501,False
44,10502,False
44,10503,False
44,10504,False
44,10505,False
44,10506,False
44,10600,False
44,10601,False
44,10602,False
44,10603,False
44,10604,False
44,10605,False
44,10606,False
44,10607,False
44,10608,False
44,10700,True
44,10701,False
44,10702,False
44,10703,False
44,10704,True
44,10705,True
44,10706,False
44,10707,False
44,10708,False
44,10709,False
44,10710,False
44,10711,False
44,10712,False
44,10800,False
44,10801,False
44,10802,False
44,10803,False
44,10804,False
44,10805,False
44,10806,False
44,10900,True
44,10910,False
44,10920,False
44,10930,False
44,10940,False
44,10950,False
44,10951,False
44,10952,False
44,10953,False
44,10960,False
44,10961,False
44,10962,False
44,10963,False
44,10970,False
44,10980,True
44,10981,False
44,10982,False
44,10983,False
44,10984,True
44,10990,False
44,11000,False
44,11100,True
44,11200,False
44,11201,False
44,11202,False
44,11203,False
44,11204,False
44,11300,False
44,11301,False
44,11302,False
44,11303,False
44,11304,False
49,10000,False
49,10001,False
49,10002,False
49,10003,False
49,10004,False
49,10005,False
49,10006,False
49,10007,False
49,10010,False
49,10011,False
49,10012,False
49,10013,False
49,10014,False
49,10015,False
49,10016,False
49,10017,False
49,10100,True
49,10101,True
49,10102,False
49,10103,False
49,10104,True
49,10105,True
49,10106,False
49,10107,False
49,10108,True
49,10109,True
49,10110,False
49,10111,False
49,10200,True
49,10201,True
49,10202,False
49,10203,False
49,10204,True
49,10205,True
49,10206,False
49,10207,True
49,10208,False
49,10300,False
49,10301,False
49,10302,False
49,10303,False
49,10304,False
49,10305,False
49,10306,False
49,10307,False
49,10308,False
49,10400,False
49,10401,False
49,10402,False
49,10403,False
49,10404,False
49,10405,False
49,10406,False
49,10407,False
49,10408,False
49,10500,False
49,10501,False
49,10502,False
49,10503,False
49,10504,False
49,10505,False
49,10506,False
49,10600,False
49,10601,False
49,10602,False
49,10603,False
49,10604,False
49,10605,False
49,10606,False
49,10607,False
49,10608,False
49,10700,True
49,10701,False
49,10702,False
49,10703,False
49,10704,True
49,10705,True
49,10706,False
49,10707,False
49,10708,False
49,10709,False
49,10710,False
49,10711,False
49,10712,False
49,10800,False
49,10801,False
49,10802,False
49,10803,False
49,10804,False
49,10805,False
49,10806,False
49,10900,True
49,10910,False
49,10920,False
49,10930,False
49,10940,False
49,10950,False
49,10951,False
49,10952,False
49,10953,False
49,10960,False
49,10961,False
49,10962,False
49,10963,False
49,10970,False
49,10980,True
49,10981,False
49,10982,False
49,10983,False
49,10984,True
49,10990,False
49,11000,False
49,11100,True
49,11200,False
49,11201,False
49,11202,False
49,11203,False
49,11204,False
49,11300,False
49,11301,False
49,11302,False
49,11303,False
49,11304,False
50,10000,True
50,10001,True
50,10002,True
50,10003,True
50,10004,True
50,10005,True
50,10006,True
50,10007,True
50,10010,True
50,10011,True
50,10012,True
50,10013,True
50,10014,True
50,10015,True
50,10016,True
50,10017,True
50,10100,True
50,10101,True
50,10102,True
50,10103,True
50,10104,True
50,10105,True
50,10106,True
50,10107,True
50,10108,True
50,10109,True
50,10110,True
50,10111,True
50,10200,True
50,10201,True
50,10202,True
50,10203,True
50,10204,True
50,10205,True
50,10206,True
50,10207,True
50,10208,True
50,10300,True
50,10301,True
50,10302,True
50,10303,True
50,10304,True
50,10305,True
50,10306,True
50,10307,True
50,10308,True
50,10400,True
50,10401,True
50,10402,True
50,10403,True
50,10404,True
50,10405,True
50,10406,True
50,10407,True
50,10408,True
50,10500,True
50,10501,True
50,10502,True
50,10503,True
50,10504,True
50,10505,True
50,10506,True
50,10600,False
50,10601,False
50,10602,False
50,10603,False
50,10604,False
50,10605,False
50,10606,False
50,10607,False
50,10608,False
50,10700,True
50,10701,True
50,10702,True
50,10703,True
50,10704,True
50,10705,True
50,10706,True
50,10707,True
50,10708,True
50,10709,True
50,10710,True
50,10711,True
50,10712,True
50,10800,True
50,10801,True
50,10802,True
50,10803,True
50,10804,True
50,10805,True
50,10806,True
50,10900,True
50,10910,True
50,10920,True
50,10930,True
50,10940,True
50,10950,True
50,10951,True
50,10952,True
50,10953,True
50,10960,True
50,10961,True
50,10962,True
50,10963,True
50,10970,True
50,10980,True
50,10981,True
50,10982,True
50,10983,True
50,10984,True
50,10990,True
50,11000,True
50,11100,True
50,11200,True
50,11201,True
50,11202,True
50,11203,True
50,11204,True
50,11300,True
50,11301,True
50,11302,True
50,11303,True
50,11304,True
51,10000,True
51,10001,True
51,10002,False
51,10003,False
51,10004,False
51,10005,False
51,10006,False
51,10007,False
51,10010,True
51,10011,True
51,10012,True
51,10013,True
51,10014,True
51,10015,True
51,10016,True
51,10017,True
51,10100,True
51,10101,True
51,10102,True
51,10103,True
51,10104,True
51,10105,True
51,10106,True
51,10107,True
51,10108,True
51,10109,True
51,10110,True
51,10111,False
51,10200,True
51,10201,True
51,10202,True
51,10203,False
51,10204,True
51,10205,True
51,10206,True
51,10207,True
51,10208,True
51,10300,True
51,10301,True
51,10302,True
51,10303,False
51,10304,True
51,10305,True
51,10306,True
51,10307,True
51,10308,True
51,10400,False
51,10401,False
51,10402,False
51,10403,False
51,10404,False
51,10405,False
51,10406,False
51,10407,False
51,10408,False
51,10500,True
51,10501,True
51,10502,True
51,10503,False
51,10504,True
51,10505,True
51,10506,False
51,10600,False
51,10601,False
51,10602,False
51,10603,False
51,10604,False
51,10605,False
51,10606,False
51,10607,False
51,10608,False
51,10700,True
51,10701,False
51,10702,False
51,10703,False
51,10704,True
51,10705,True
51,10706,True
51,10707,False
51,10708,False
51,10709,False
51,10710,False
51,10711,False
51,10712,False
51,10800,True
51,10801,True
51,10802,True
51,10803,True
51,10804,True
51,10805,True
51,10806,True
51,10900,False
51,10910,False
51,10920,False
51,10930,False
51,10940,False
51,10950,False
51,10951,False
51,10952,False
51,10953,False
51,10960,False
51,10961,False
51,10962,False
51,10963,False
51,10970,False
51,10980,True
51,10981,True
51,10982,True
51,10983,False
51,10984,True
51,10990,False
51,11000,True
51,11100,True
51,11200,False
51,11201,False
51,11202,False
51,11203,False
51,11204,False
51,11300,False
51,11301,False
51,11302,False
51,11303,False
51,11304,False
52,10000,False
52,10001,False
52,10002,False
52,10003,False
52,10004,False
52,10005,False
52,10006,False
52,10007,False
52,10010,False
52,10011,False
52,10012,False
52,10013,False
52,10014,False
52,10015,False
52,10016,False
52,10017,False
52,10100,True
52,10101,False
52,10102,True
52,10103,False
52,10104,True
52,10105,True
52,10106,True
52,10107,True
52,10108,True
52,10109,True
52,10110,True
52,10111,False
52,10200,True
52,10201,True
52,10202,True
52,10203,False
52,10204,True
52,10205,True
52,10206,False
52,10207,True
52,10208,False
52,10300,False
52,10301,False
52,10302,False
52,10303,False
52,10304,False
52,10305,False
52,10306,False
52,10307,False
52,10308,False
52,10400,False
52,10401,False
52,10402,False
52,10403,False
52,10404,False
52,10405,False
52,10406,False
52,10407,False
52,10408,False
52,10500,True
52,10501,True
52,10502,True
52,10503,False
52,10504,True
52,10505,True
52,10506,False
52,10600,False
52,10601,False
52,10602,False
52,10603,False
52,10604,False
52,10605,False
52,10606,False
52,10607,False
52,10608,False
52,10700,True
52,10701,False
52,10702,False
52,10703,False
52,10704,True
52,10705,True
52,10706,False
52,10707,False
52,10708,False
52,10709,False
52,10710,False
52,10711,False
52,10712,False
52,10800,False
52,10801,False
52,10802,False
52,10803,False
52,10804,False
52,10805,False
52,10806,False
52,10900,True
52,10910,False
52,10920,False
52,10930,False
52,10940,False
52,10950,False
52,10951,False
52,10952,False
52,10953,False
52,10960,False
52,10961,False
52,10962,False
52,10963,False
52,10970,False
52,10980,True
52,10981,True
52,10982,True
52,10983,False
52,10984,True
52,10990,False
52,11000,False
52,11100,True
52,11200,False
52,11201,False
52,11202,False
52,11203,False
52,11204,False
52,11300,False
52,11301,False
52,11302,False
52,11303,False
52,11304,False
58,10000,True
58,10001,True
58,10002,True
58,10003,True
58,10004,True
58,10005,True
58,10006,True
58,10007,True
58,10010,True
58,10011,True
58,10012,True
58,10013,True
58,10014,True
58,10015,True
58,10016,True
58,10017,True
58,10100,True
58,10101,False
58,10102,False
58,10103,True
58,10104,True
58,10105,True
58,10106,True
58,10107,True
58,10108,True
58,10109,True
58,10110,True
58,10111,True
58,10200,True
58,10201,True
58,10202,True
58,10203,True
58,10204,True
58,10205,True
58,10206,True
58,10207,True
58,10208,True
58,10300,True
58,10301,True
58,10302,True
58,10303,True
58,10304,True
58,10305,True
58,10306,True
58,10307,True
58,10308,True
58,10400,True
58,10401,False
58,10402,False
58,10403,False
58,10404,False
58,10405,False
58,10406,False
58,10407,False
58,10408,False
58,10500,False
58,10501,False
58,10502,False
58,10503,False
58,10504,False
58,10505,False
58,10506,False
58,10600,True
58,10601,True
58,10602,True
58,10603,False
58,10604,True
58,10605,True
58,10606,True
58,10607,True
58,10608,True
58,10700,True
58,10701,True
58,10702,True
58,10703,True
58,10704,True
58,10705,True
58,10706,True
58,10707,True
58,10708,True
58,10709,True
58,10710,True
58,10711,True
58,10712,False
58,10800,True
58,10801,True
58,10802,True
58,10803,True
58,10804,True
58,10805,True
58,10806,True
58,10900,True
58,10910,True
58,10920,True
58,10930,True
58,10940,True
58,10950,False
58,10951,False
58,10952,False
58,10953,False
58,10960,False
58,10961,False
58,10962,False
58,10963,False
58,10970,False
58,10980,True
58,10981,False
58,10982,False
58,10983,False
58,10984,True
58,10990,False
58,11000,True
58,11100,True
58,11200,True
58,11201,True
58,11202,True
58,11203,True
58,11204,True
58,11300,True
58,11301,True
58,11302,True
58,11303,True
58,11304,True
59,10000,True
59,10001,True
59,10002,True
59,10003,True
59,10004,True
59,10005,True
59,10006,True
59,10007,True
59,10010,True
59,10011,True
59,10012,True
59,10013,True
59,10014,True
59,10015,True
59,10016,True
59,10017,True
59,10100,True
59,10101,True
59,10102,True
59,10103,True
59,10104,True
59,10105,True
59,10106,True
59,10107,True
59,10108,True
59,10109,True
59,10110,True
59,10111,True
59,10200,True
59,10201,True
59,10202,True
59,10203,True
59,10204,True
59,10205,True
59,10206,True
59,10207,True
59,10208,True
59,10300,True
59,10301,True
59,10302,True
59,10303,True
59,10304,True
59,10305,True
59,10306,True
59,10307,True
59,10308,True
59,10400,True
59,10401,True
59,10402,True
59,10403,True
59,10404,True
59,10405,True
59,10406,True
59,10407,True
59,10408,True
59,10500,True
59,10501,True
59,10502,True
59,10503,True
59,10504,True
59,10505,True
59,10506,True
59,10600,True
59,10601,True
59,10602,True
59,10603,True
59,10604,True
59,10605,True
59,10606,True
59,10607,True
59,10608,True
59,10700,True
59,10701,True
59,10702,True
59,10703,True
59,10704,True
59,10705,True
59,10706,True
59,10707,True
59,10708,True
59,10709,True
59,10710,True
59,10711,True
59,10712,True
59,10800,True
59,10801,True
59,10802,True
59,10803,True
59,10804,True
59,10805,True
59,10806,True
59,10900,True
59,10910,True
59,10920,True
59,10930,True
59,10940,True
59,10950,True
59,10951,True
59,10952,True
59,10953,True
59,10960,True
59,10961,True
59,10962,True
59,10963,True
59,10970,True
59,10980,True
59,10981,True
59,10982,True
59,10983,True
59,10984,True
59,10990,True
59,11000,True
59,11100,True
59,11200,True
59,11201,True
59,11202,True
59,11203,True
59,11204,True
59,11300,True
59,11301,True
59,11302,True
59,11303,True
59,11304,True
60,10000,False
60,10001,False
60,10002,False
60,10003,False
60,10004,False
60,10005,False
60,10006,False
60,10007,False
60,10010,False
60,10011,False
60,10012,False
60,10013,False
60,10014,False
60,10015,False
60,10016,False
60,10017,False
60,10100,True
60,10101,True
60,10102,True
60,10103,False
60,10104,True
60,10105,True
60,10106,True
60,10107,True
60,10108,True
60,10109,True
60,10110,True
60,10111,False
60,10200,False
60,10201,False
60,10202,False
60,10203,False
60,10204,False
60,10205,False
60,10206,False
60,10207,False
60,10208,False
60,10300,False
60,10301,False
60,10302,False
60,10303,False
60,10304,False
60,10305,False
60,10306,False
60,10307,False
60,10308,False
60,10400,False
60,10401,False
60,10402,False
60,10403,False
60,10404,False
60,10405,False
60,10406,False
60,10407,False
60,10408,False
60,10500,True
60,10501,True
60,10502,True
60,10503,False
60,10504,True
60,10505,True
60,10506,False
60,10600,False
60,10601,False
60,10602,False
60,10603,False
60,10604,False
60,10605,False
60,10606,False
60,10607,False
60,10608,False
60,10700,True
60,10701,False
60,10702,False
60,10703,False
60,10704,True
60,10705,True
60,10706,False
60,10707,False
60,10708,False
60,10709,False
60,10710,False
60,10711,False
60,10712,False
60,10800,False
60,10801,False
60,10802,False
60,10803,False
60,10804,False
60,10805,False
60,10806,False
60,10900,True
60,10910,False
60,10920,False
60,10930,False
60,10940,False
60,10950,False
60,10951,False
60,10952,False
60,10953,False
60,10960,False
60,10961,False
60,10962,False
60,10963,False
60,10970,False
60,10980,True
60,10981,True
60,10982,True
60,10983,False
60,10984,True
60,10990,False
60,11000,True
60,11100,True
60,11200,False
60,11201,False
60,11202,False
60,11203,False
60,11204,False
60,11300,False
60,11301,False
60,11302,False
60,11303,False
60,11304,False
61,10000,True
61,10001,True
61,10002,True
61,10003,True
61,10004,True
61,10005,True
61,10006,True
61,10007,True
61,10010,True
61,10011,True
61,10012,False
61,10013,False
61,10014,False
61,10015,False
61,10016,False
61,10017,False
61,10100,True
61,10101,False
61,10102,False
61,10103,False
61,10104,True
61,10105,True
61,10106,True
61,10107,True
61,10108,True
61,10109,True
61,10110,False
61,10111,False
61,10200,True
61,10201,True
61,10202,True
61,10203,False
61,10204,True
61,10205,True
61,10206,True
61,10207,True
61,10208,True
61,10300,True
61,10301,True
61,10302,True
61,10303,False
61,10304,True
61,10305,True
61,10306,True
61,10307,True
61,10308,True
61,10400,True
61,10401,True
61,10402,True
61,10403,True
61,10404,True
61,10405,True
61,10406,True
61,10407,True
61,10408,True
61,10500,True
61,10501,True
61,10502,True
61,10503,False
61,10504,True
61,10505,True
61,10506,False
61,10600,False
61,10601,False
61,10602,False
61,10603,False
61,10604,False
61,10605,False
61,10606,False
61,10607,False
61,10608,False
61,10700,True
61,10701,True
61,10702,True
61,10703,True
61,10704,True
61,10705,True
61,10706,True
61,10707,True
61,10708,True
61,10709,True
61,10710,True
61,10711,True
61,10712,True
61,10800,False
61,10801,False
61,10802,False
61,10803,False
61,10804,False
61,10805,False
61,10806,False
61,10900,True
61,10910,True
61,10920,False
61,10930,True
61,10940,True
61,10950,False
61,10951,False
61,10952,False
61,10953,False
61,10960,False
61,10961,False
61,10962,False
61,10963,False
61,10970,False
61,10980,False
61,10981,False
61,10982,False
61,10983,False
61,10984,False
61,10990,True
61,11000,False
61,11100,True
61,11200,False
61,11201,False
61,11202,False
61,11203,False
61,11204,False
61,11300,False
61,11301,False
61,11302,False
61,11303,False
61,11304,False
62,10000,False
62,10001,False
62,10002,False
62,10003,False
62,10004,False
62,10005,False
62,10006,False
62,10007,False
62,10010,False
62,10011,False
62,10012,False
62,10013,False
62,10014,False
62,10015,False
62,10016,False
62,10017,False
62,10100,True
62,10101,True
62,10102,True
62,10103,False
62,10104,True
62,10105,True
62,10106,False
62,10107,True
62,10108,True
62,10109,True
62,10110,False
62,10111,False
62,10200,False
62,10201,False
62,10202,False
62,10203,False
62,10204,False
62,10205,False
62,10206,False
62,10207,False
62,10208,False
62,10300,False
62,10301,False
62,10302,False
62,10303,False
62,10304,False
62,10305,False
62,10306,False
62,10307,False
62,10308,False
62,10400,False
62,10401,False
62,10402,False
62,10403,False
62,10404,False
62,10405,False
62,10406,False
62,10407,False
62,10408,False
62,10500,False
62,10501,False
62,10502,False
62,10503,False
62,10504,False
62,10505,False
62,10506,False
62,10600,False
62,10601,False
62,10602,False
62,10603,False
62,10604,False
62,10605,False
62,10606,False
62,10607,False
62,10608,False
62,10700,False
62,10701,False
62,10702,False
62,10703,False
62,10704,False
62,10705,False
62,10706,False
62,10707,False
62,10708,False
62,10709,False
62,10710,False
62,10711,False
62,10712,False
62,10800,False
62,10801,False
62,10802,False
62,10803,False
62,10804,False
62,10805,False
62,10806,False
62,10900,False
62,10910,False
62,10920,False
62,10930,False
62,10940,False
62,10950,False
62,10951,False
62,10952,False
62,10953,False
62,10960,False
62,10961,False
62,10962,False
62,10963,False
62,10970,False
62,10980,False
62,10981,False
62,10982,False
62,10983,False
62,10984,False
62,10990,False
62,11000,False
62,11100,True
62,11200,False
62,11201,False
62,11202,False
62,11203,False
62,11204,False
62,11300,False
62,11301,False
62,11302,False
62,11303,False
62,11304,False
63,10000,False
63,10001,False
63,10002,False
63,10003,False
63,10004,False
63,10005,False
63,10006,False
63,10007,False
63,10010,False
63,10011,False
63,10012,False
63,10013,False
63,10014,False
63,10015,False
63,10016,False
63,10017,False
63,10100,True
63,10101,True
63,10102,True
63,10103,False
63,10104,True
63,10105,True
63,10106,False
63,10107,True
63,10108,True
63,10109,True
63,10110,False
63,10111,False
63,10200,False
63,10201,False
63,10202,False
63,10203,False
63,10204,False
63,10205,False
63,10206,False
63,10207,False
63,10208,False
63,10300,False
63,10301,False
63,10302,False
63,10303,False
63,10304,False
63,10305,False
63,10306,False
63,10307,False
63,10308,False
63,10400,False
63,10401,False
63,10402,False
63,10403,False
63,10404,False
63,10405,False
63,10406,False
63,10407,False
63,10408,False
63,10500,False
63,10501,False
63,10502,False
63,10503,False
63,10504,False
63,10505,False
63,10506,False
63,10600,False
63,10601,False
63,10602,False
63,10603,False
63,10604,False
63,10605,False
63,10606,False
63,10607,False
63,10608,False
63,10700,False
63,10701,False
63,10702,False
63,10703,False
63,10704,False
63,10705,False
63,10706,False
63,10707,False
63,10708,False
63,10709,False
63,10710,False
63,10711,False
63,10712,False
63,10800,False
63,10801,False
63,10802,False
63,10803,False
63,10804,False
63,10805,False
63,10806,False
63,10900,False
63,10910,False
63,10920,False
63,10930,False
63,10940,False
63,10950,False
63,10951,False
63,10952,False
63,10953,False
63,10960,False
63,10961,False
63,10962,False
63,10963,False
63,10970,False
63,10980,False
63,10981,False
63,10982,False
63,10983,False
63,10984,False
63,10990,False
63,11000,False
63,11100,True
63,11200,False
63,11201,False
63,11202,False
63,11203,False
63,11204,False
63,11300,False
63,11301,False
63,11302,False
63,11303,False
63,11304,False
64,10000,False
64,10001,False
64,10002,False
64,10003,False
64,10004,False
64,10005,False
64,10006,False
64,10007,False
64,10010,False
64,10011,False
64,10012,False
64,10013,False
64,10014,False
64,10015,False
64,10016,False
64,10017,False
64,10100,True
64,10101,True
64,10102,True
64,10103,False
64,10104,True
64,10105,True
64,10106,False
64,10107,True
64,10108,True
64,10109,True
64,10110,False
64,10111,False
64,10200,False
64,10201,False
64,10202,False
64,10203,False
64,10204,False
64,10205,False
64,10206,False
64,10207,False
64,10208,False
64,10300,False
64,10301,False
64,10302,False
64,10303,False
64,10304,False
64,10305,False
64,10306,False
64,10307,False
64,10308,False
64,10400,False
64,10401,False
64,10402,False
64,10403,False
64,10404,False
64,10405,False
64,10406,False
64,10407,False
64,10408,False
64,10500,False
64,10501,False
64,10502,False
64,10503,False
64,10504,False
64,10505,False
64,10506,False
64,10600,False
64,10601,False
64,10602,False
64,10603,False
64,10604,False
64,10605,False
64,10606,False
64,10607,False
64,10608,False
64,10700,False
64,10701,False
64,10702,False
64,10703,False
64,10704,False
64,10705,False
64,10706,False
64,10707,False
64,10708,False
64,10709,False
64,10710,False
64,10711,False
64,10712,False
64,10800,False
64,10801,False
64,10802,False
64,10803,False
64,10804,False
64,10805,False
64,10806,False
64,10900,False
64,10910,False
64,10920,False
64,10930,False
64,10940,False
64,10950,False
64,10951,False
64,10952,False
64,10953,False
64,10960,False
64,10961,False
64,10962,False
64,10963,False
64,10970,False
64,10980,False
64,10981,False
64,10982,False
64,10983,False
64,10984,False
64,10990,False
64,11000,False
64,11100,True
64,11200,False
64,11201,False
64,11202,False
64,11203,False
64,11204,False
64,11300,False
64,11301,False
64,11302,False
64,11303,False
64,11304,False
65,10000,False
65,10001,False
65,10002,False
65,10003,False
65,10004,False
65,10005,False
65,10006,False
65,10007,False
65,10010,False
65,10011,False
65,10012,False
65,10013,False
65,10014,False
65,10015,False
65,10016,False
65,10017,False
65,10100,True
65,10101,True
65,10102,True
65,10103,False
65,10104,True
65,10105,True
65,10106,False
65,10107,True
65,10108,True
65,10109,False
65,10110,False
65,10111,False
65,10200,False
65,10201,False
65,10202,False
65,10203,False
65,10204,False
65,10205,False
65,10206,False
65,10207,False
65,10208,False
65,10300,False
65,10301,False
65,10302,False
65,10303,False
65,10304,False
65,10305,False
65,10306,False
65,10307,False
65,10308,False
65,10400,False
65,10401,False
65,10402,False
65,10403,False
65,10404,False
65,10405,False
65,10406,False
65,10407,False
65,10408,False
65,10500,False
65,10501,False
65,10502,False
65,10503,False
65,10504,False
65,10505,False
65,10506,False
65,10600,False
65,10601,False
65,10602,False
65,10603,False
65,10604,False
65,10605,False
65,10606,False
65,10607,False
65,10608,False
65,10700,False
65,10701,False
65,10702,False
65,10703,False
65,10704,False
65,10705,False
65,10706,False
65,10707,False
65,10708,False
65,10709,False
65,10710,False
65,10711,False
65,10712,False
65,10800,False
65,10801,False
65,10802,False
65,10803,False
65,10804,False
65,10805,False
65,10806,False
65,10900,False
65,10910,False
65,10920,False
65,10930,False
65,10940,False
65,10950,False
65,10951,False
65,10952,False
65,10953,False
65,10960,False
65,10961,False
65,10962,False
65,10963,False
65,10970,False
65,10980,False
65,10981,False
65,10982,False
65,10983,False
65,10984,False
65,10990,False
65,11000,False
65,11100,True
65,11200,False
65,11201,False
65,11202,False
65,11203,False
65,11204,False
65,11300,False
65,11301,False
65,11302,False
65,11303,False
65,11304,False
66,10000,False
66,10001,False
66,10002,False
66,10003,False
66,10004,False
66,10005,False
66,10006,False
66,10007,False
66,10010,False
66,10011,False
66,10012,False
66,10013,False
66,10014,False
66,10015,False
66,10016,False
66,10017,False
66,10100,True
66,10101,True
66,10102,False
66,10103,False
66,10104,True
66,10105,True
66,10106,False
66,10107,True
66,10108,True
66,10109,True
66,10110,False
66,10111,False
66,10200,False
66,10201,False
66,10202,False
66,10203,False
66,10204,False
66,10205,False
66,10206,False
66,10207,False
66,10208,False
66,10300,False
66,10301,False
66,10302,False
66,10303,False
66,10304,False
66,10305,False
66,10306,False
66,10307,False
66,10308,False
66,10400,False
66,10401,False
66,10402,False
66,10403,False
66,10404,False
66,10405,False
66,10406,False
66,10407,False
66,10408,False
66,10500,False
66,10501,False
66,10502,False
66,10503,False
66,10504,False
66,10505,False
66,10506,False
66,10600,False
66,10601,False
66,10602,False
66,10603,False
66,10604,False
66,10605,False
66,10606,False
66,10607,False
66,10608,False
66,10700,False
66,10701,False
66,10702,False
66,10703,False
66,10704,False
66,10705,False
66,10706,False
66,10707,False
66,10708,False
66,10709,False
66,10710,False
66,10711,False
66,10712,False
66,10800,False
66,10801,False
66,10802,False
66,10803,False
66,10804,False
66,10805,False
66,10806,False
66,10900,False
66,10910,False
66,10920,False
66,10930,False
66,10940,False
66,10950,False
66,10951,False
66,10952,False
66,10953,False
66,10960,False
66,10961,False
66,10962,False
66,10963,False
66,10970,False
66,10980,False
66,10981,False
66,10982,False
66,10983,False
66,10984,False
66,10990,False
66,11000,False
66,11100,True
66,11200,False
66,11201,False
66,11202,False
66,11203,False
66,11204,False
66,11300,False
66,11301,False
66,11302,False
66,11303,False
66,11304,False
67,10000,False
67,10001,False
67,10002,False
67,10003,False
67,10004,False
67,10005,False
67,10006,False
67,10007,False
67,10010,False
67,10011,False
67,10012,False
67,10013,False
67,10014,False
67,10015,False
67,10016,False
67,10017,False
67,10100,True
67,10101,False
67,10102,True
67,10103,False
67,10104,True
67,10105,True
67,10106,False
67,10107,False
67,10108,True
67,10109,True
67,10110,True
67,10111,False
67,10200,False
67,10201,False
67,10202,False
67,10203,False
67,10204,False
67,10205,False
67,10206,False
67,10207,False
67,10208,False
67,10300,False
67,10301,False
67,10302,False
67,10303,False
67,10304,False
67,10305,False
67,10306,False
67,10307,False
67,10308,False
67,10400,False
67,10401,False
67,10402,False
67,10403,False
67,10404,False
67,10405,False
67,10406,False
67,10407,False
67,10408,False
67,10500,False
67,10501,False
67,10502,False
67,10503,False
67,10504,False
67,10505,False
67,10506,False
67,10600,False
67,10601,False
67,10602,False
67,10603,False
67,10604,False
67,10605,False
67,10606,False
67,10607,False
67,10608,False
67,10700,False
67,10701,False
67,10702,False
67,10703,False
67,10704,False
67,10705,False
67,10706,False
67,10707,False
67,10708,False
67,10709,False
67,10710,False
67,10711,False
67,10712,False
67,10800,False
67,10801,False
67,10802,False
67,10803,False
67,10804,False
67,10805,False
67,10806,False
67,10900,False
67,10910,False
67,10920,False
67,10930,False
67,10940,False
67,10950,False
67,10951,False
67,10952,False
67,10953,False
67,10960,False
67,10961,False
67,10962,False
67,10963,False
67,10970,False
67,10980,False
67,10981,False
67,10982,False
67,10983,False
67,10984,False
67,10990,False
67,11000,False
67,11100,True
67,11200,False
67,11201,False
67,11202,False
67,11203,False
67,11204,False
67,11300,False
67,11301,False
67,11302,False
67,11303,False
67,11304,False
69,10000,False
69,10001,False
69,10002,False
69,10003,False
69,10004,False
69,10005,False
69,10006,False
69,10007,False
69,10010,False
69,10011,False
69,10012,False
69,10013,False
69,10014,False
69,10015,False
69,10016,False
69,10017,False
69,10100,True
69,10101,True
69,10102,False
69,10103,False
69,10104,True
69,10105,True
69,10106,False
69,10107,False
69,10108,True
69,10109,True
69,10110,False
69,10111,False
69,10200,False
69,10201,False
69,10202,False
69,10203,False
69,10204,False
69,10205,False
69,10206,False
69,10207,False
69,10208,False
69,10300,False
69,10301,False
69,10302,False
69,10303,False
69,10304,False
69,10305,False
69,10306,False
69,10307,False
69,10308,False
69,10400,False
69,10401,False
69,10402,False
69,10403,False
69,10404,False
69,10405,False
69,10406,False
69,10407,False
69,10408,False
69,10500,False
69,10501,False
69,10502,False
69,10503,False
69,10504,False
69,10505,False
69,10506,False
69,10600,False
69,10601,False
69,10602,False
69,10603,False
69,10604,False
69,10605,False
69,10606,False
69,10607,False
69,10608,False
69,10700,True
69,10701,False
69,10702,False
69,10703,False
69,10704,True
69,10705,True
69,10706,False
69,10707,False
69,10708,False
69,10709,False
69,10710,False
69,10711,False
69,10712,False
69,10800,False
69,10801,False
69,10802,False
69,10803,False
69,10804,False
69,10805,False
69,10806,False
69,10900,True
69,10910,False
69,10920,False
69,10930,False
69,10940,False
69,10950,False
69,10951,False
69,10952,False
69,10953,False
69,10960,False
69,10961,False
69,10962,False
69,10963,False
69,10970,False
69,10980,True
69,10981,False
69,10982,False
69,10983,False
69,10984,True
69,10990,False
69,11000,False
69,11100,True
69,11200,False
69,11201,False
69,11202,False
69,11203,False
69,11204,False
69,11300,False
69,11301,False
69,11302,False
69,11303,False
69,11304,False
70,10000,False
70,10001,False
70,10002,False
70,10003,False
70,10004,False
70,10005,False
70,10006,False
70,10007,False
70,10010,False
70,10011,False
70,10012,False
70,10013,False
70,10014,False
70,10015,False
70,10016,False
70,10017,False
70,10100,True
70,10101,True
70,10102,True
70,10103,False
70,10104,True
70,10105,True
70,10106,False
70,10107,False
70,10108,True
70,10109,False
70,10110,False
70,10111,False
70,10200,False
70,10201,False
70,10202,False
70,10203,False
70,10204,False
70,10205,False
70,10206,False
70,10207,False
70,10208,False
70,10300,False
70,10301,False
70,10302,False
70,10303,False
70,10304,False
70,10305,False
70,10306,False
70,10307,False
70,10308,False
70,10400,False
70,10401,False
70,10402,False
70,10403,False
70,10404,False
70,10405,False
70,10406,False
70,10407,False
70,10408,False
70,10500,False
70,10501,False
70,10502,False
70,10503,False
70,10504,False
70,10505,False
70,10506,False
70,10600,False
70,10601,False
70,10602,False
70,10603,False
70,10604,False
70,10605,False
70,10606,False
70,10607,False
70,10608,False
70,10700,True
70,10701,False
70,10702,False
70,10703,False
70,10704,True
70,10705,True
70,10706,False
70,10707,False
70,10708,False
70,10709,False
70,10710,False
70,10711,False
70,10712,False
70,10800,False
70,10801,False
70,10802,False
70,10803,False
70,10804,False
70,10805,False
70,10806,False
70,10900,True
70,10910,False
70,10920,False
70,10930,False
70,10940,False
70,10950,False
70,10951,False
70,10952,False
70,10953,False
70,10960,False
70,10961,False
70,10962,False
70,10963,False
70,10970,False
70,10980,True
70,10981,False
70,10982,False
70,10983,False
70,10984,True
70,10990,False
70,11000,False
70,11100,True
70,11200,False
70,11201,False
70,11202,False
70,11203,False
70,11204,False
70,11300,False
70,11301,False
70,11302,False
70,11303,False
70,11304,False
71,10000,False
71,10001,False
71,10002,False
71,10003,False
71,10004,False
71,10005,False
71,10006,False
71,10007,False
71,10010,False
71,10011,False
71,10012,False
71,10013,False
71,10014,False
71,10015,False
71,10016,False
71,10017,False
71,10100,False
71,10101,False
71,10102,False
71,10103,False
71,10104,False
71,10105,False
71,10106,False
71,10107,False
71,10108,False
71,10109,False
71,10110,False
71,10111,False
71,10200,False
71,10201,False
71,10202,False
71,10203,False
71,10204,False
71,10205,False
71,10206,False
71,10207,False
71,10208,False
71,10300,False
71,10301,False
71,10302,False
71,10303,False
71,10304,False
71,10305,False
71,10306,False
71,10307,False
71,10308,False
71,10400,False
71,10401,False
71,10402,False
71,10403,False
71,10404,False
71,10405,False
71,10406,False
71,10407,False
71,10408,False
71,10500,True
71,10501,False
71,10502,False
71,10503,False
71,10504,False
71,10505,False
71,10506,False
71,10600,False
71,10601,False
71,10602,False
71,10603,False
71,10604,False
71,10605,False
71,10606,False
71,10607,False
71,10608,False
71,10700,False
71,10701,False
71,10702,False
71,10703,False
71,10704,False
71,10705,False
71,10706,False
71,10707,False
71,10708,False
71,10709,False
71,10710,False
71,10711,False
71,10712,False
71,10800,False
71,10801,False
71,10802,False
71,10803,False
71,10804,False
71,10805,False
71,10806,False
71,10900,True
71,10910,False
71,10920,False
71,10930,False
71,10940,False
71,10950,False
71,10951,False
71,10952,False
71,10953,False
71,10960,False
71,10961,False
71,10962,False
71,10963,False
71,10970,False
71,10980,True
71,10981,False
71,10982,False
71,10983,False
71,10984,True
71,10990,False
71,11000,False
71,11100,True
71,11200,False
71,11201,False
71,11202,False
71,11203,False
71,11204,False
71,11300,False
71,11301,False
71,11302,False
71,11303,False
71,11304,False
72,10000,False
72,10001,False
72,10002,False
72,10003,False
72,10004,False
72,10005,False
72,10006,False
72,10007,False
72,10010,False
72,10011,False
72,10012,False
72,10013,False
72,10014,False
72,10015,False
72,10016,False
72,10017,False
72,10100,False
72,10101,False
72,10102,False
72,10103,False
72,10104,False
72,10105,False
72,10106,False
72,10107,False
72,10108,False
72,10109,False
72,10110,False
72,10111,False
72,10200,False
72,10201,False
72,10202,False
72,10203,False
72,10204,False
72,10205,False
72,10206,False
72,10207,False
72,10208,False
72,10300,False
72,10301,False
72,10302,False
72,10303,False
72,10304,False
72,10305,False
72,10306,False
72,10307,False
72,10308,False
72,10400,False
72,10401,False
72,10402,False
72,10403,False
72,10404,False
72,10405,False
72,10406,False
72,10407,False
72,10408,False
72,10500,False
72,10501,False
72,10502,False
72,10503,False
72,10504,False
72,10505,False
72,10506,False
72,10600,False
72,10601,False
72,10602,False
72,10603,False
72,10604,False
72,10605,False
72,10606,False
72,10607,False
72,10608,False
72,10700,False
72,10701,False
72,10702,False
72,10703,False
72,10704,False
72,10705,False
72,10706,False
72,10707,False
72,10708,False
72,10709,False
72,10710,False
72,10711,False
72,10712,False
72,10800,False
72,10801,False
72,10802,False
72,10803,False
72,10804,False
72,10805,False
72,10806,False
72,10900,False
72,10910,False
72,10920,False
72,10930,False
72,10940,False
72,10950,False
72,10951,False
72,10952,False
72,10953,False
72,10960,False
72,10961,False
72,10962,False
72,10963,False
72,10970,False
72,10980,False
72,10981,False
72,10982,False
72,10983,False
72,10984,False
72,10990,False
72,11000,True
72,11100,True
72,11200,False
72,11201,False
72,11202,False
72,11203,False
72,11204,False
72,11300,False
72,11301,False
72,11302,False
72,11303,False
72,11304,False
73,10000,False
73,10001,False
73,10002,False
73,10003,False
73,10004,False
73,10005,False
73,10006,False
73,10007,False
73,10010,False
73,10011,False
73,10012,False
73,10013,False
73,10014,False
73,10015,False
73,10016,False
73,10017,False
73,10100,True
73,10101,True
73,10102,False
73,10103,False
73,10104,True
73,10105,True
73,10106,False
73,10107,False
73,10108,True
73,10109,True
73,10110,False
73,10111,False
73,10200,False
73,10201,False
73,10202,False
73,10203,False
73,10204,False
73,10205,False
73,10206,False
73,10207,False
73,10208,False
73,10300,False
73,10301,False
73,10302,False
73,10303,False
73,10304,False
73,10305,False
73,10306,False
73,10307,False
73,10308,False
73,10400,False
73,10401,False
73,10402,False
73,10403,False
73,10404,False
73,10405,False
73,10406,False
73,10407,False
73,10408,False
73,10500,False
73,10501,False
73,10502,False
73,10503,False
73,10504,False
73,10505,False
73,10506,False
73,10600,False
73,10601,False
73,10602,False
73,10603,False
73,10604,False
73,10605,False
73,10606,False
73,10607,False
73,10608,False
73,10700,True
73,10701,False
73,10702,False
73,10703,False
73,10704,True
73,10705,True
73,10706,False
73,10707,False
73,10708,False
73,10709,False
73,10710,False
73,10711,False
73,10712,False
73,10800,False
73,10801,False
73,10802,False
73,10803,False
73,10804,False
73,10805,False
73,10806,False
73,10900,False
73,10910,False
73,10920,False
73,10930,False
73,10940,False
73,10950,False
73,10951,False
73,10952,False
73,10953,False
73,10960,False
73,10961,False
73,10962,False
73,10963,False
73,10970,False
73,10980,False
73,10981,False
73,10982,False
73,10983,False
73,10984,False
73,10990,False
73,11000,False
73,11100,True
73,11200,False
73,11201,False
73,11202,False
73,11203,False
73,11204,False
73,11300,False
73,11301,False
73,11302,False
73,11303,False
73,11304,False
74,10000,False
74,10001,False
74,10002,False
74,10003,False
74,10004,False
74,10005,False
74,10006,False
74,10007,False
74,10010,False
74,10011,False
74,10012,False
74,10013,False
74,10014,False
74,10015,False
74,10016,False
74,10017,False
74,10100,True
74,10101,True
74,10102,False
74,10103,False
74,10104,True
74,10105,True
74,10106,False
74,10107,False
74,10108,True
74,10109,True
74,10110,False
74,10111,False
74,10200,False
74,10201,False
74,10202,False
74,10203,False
74,10204,False
74,10205,False
74,10206,False
74,10207,False
74,10208,False
74,10300,False
74,10301,False
74,10302,False
74,10303,False
74,10304,False
74,10305,False
74,10306,False
74,10307,False
74,10308,False
74,10400,False
74,10401,False
74,10402,False
74,10403,False
74,10404,False
74,10405,False
74,10406,False
74,10407,False
74,10408,False
74,10500,False
74,10501,False
74,10502,False
74,10503,False
74,10504,False
74,10505,False
74,10506,False
74,10600,False
74,10601,False
74,10602,False
74,10603,False
74,10604,False
74,10605,False
74,10606,False
74,10607,False
74,10608,False
74,10700,True
74,10701,False
74,10702,False
74,10703,False
74,10704,True
74,10705,True
74,10706,False
74,10707,False
74,10708,False
74,10709,False
74,10710,False
74,10711,False
74,10712,False
74,10800,False
74,10801,False
74,10802,False
74,10803,False
74,10804,False
74,10805,False
74,10806,False
74,10900,False
74,10910,False
74,10920,False
74,10930,False
74,10940,False
74,10950,False
74,10951,False
74,10952,False
74,10953,False
74,10960,False
74,10961,False
74,10962,False
74,10963,False
74,10970,False
74,10980,False
74,10981,False
74,10982,False
74,10983,False
74,10984,False
74,10990,False
74,11000,False
74,11100,True
74,11200,False
74,11201,False
74,11202,False
74,11203,False
74,11204,False
74,11300,False
74,11301,False
74,11302,False
74,11303,False
74,11304,False
